Title,Media URL,Pinterest board,Thumbnail,Description,Link,Publish date,Keywords
"If I can't see it, it doesn't exist",https://modernpinkpaper.github.io/pins/find-fridge-bins-1-83e37259cd.png,Amazon Home Finds,,"Clear bins keep food in sight so it gets eaten, not forgotten behind the pickles. Clear stackable fridge bins on Amazon. #ad affiliate link",https://www.amazon.com/s?k=clear+stackable+fridge+organizer+bins+with+handles&tag=YOURTAG-20,2026-10-02T13:00:00,"adhd home, kitchen organization, amazon finds"
One spin and nothing hides in the back,https://modernpinkpaper.github.io/pins/find-lazy-susan-turntable-1-0c2a7ca817.png,Amazon Home Finds,,"A turntable brings the back row to the front, so you stop buying a fourth bottle of soy sauce. Clear lazy susan turntable on Amazon. #ad affiliate link",https://www.amazon.com/s?k=clear+lazy+susan+turntable+organizer+for+cabinet&tag=YOURTAG-20,2026-10-02T15:07:00,"adhd home, kitchen organization, amazon finds"
"Pantry chaos, sorted in one afternoon",https://modernpinkpaper.github.io/pins/find-pantry-bins-1-3041b80faa.png,ADHD Home Organization,,Pull-out bins mean you grab one handle instead of excavating a whole shelf. Clear pantry bins with handles on Amazon. #ad affiliate link,https://www.amazon.com/s?k=clear+plastic+pantry+organizer+bins+with+handles&tag=YOURTAG-20,2026-10-02T17:14:00,"adhd home, kitchen organization, amazon finds"
Every spice label faces you. Every time.,https://modernpinkpaper.github.io/pins/find-spice-drawer-insert-1-77cbd74327.png,Amazon Home Finds,,"Tilted rows show every label at a glance, so cooking starts with cooking, not hunting. Tiered spice drawer insert on Amazon. #ad affiliate link",https://www.amazon.com/s?k=expandable+tiered+spice+drawer+organizer+insert&tag=YOURTAG-20,2026-10-02T19:21:00,"adhd home, kitchen organization, amazon finds"
"The under-sink black hole, finally fixed",https://modernpinkpaper.github.io/pins/find-under-sink-pullout-1-d62df47780.png,Small Space Organizing,,"Sliding drawers bring the back of the cabinet to you, and the slim design fits around pipes. Two-tier pull-out under-sink organizer on Amazon. #ad affiliate link",https://www.amazon.com/s?k=two+tier+pull+out+under+sink+organizer&tag=YOURTAG-20,2026-10-03T13:00:00,"adhd home, kitchen organization, amazon finds"
No more lid avalanche when you open a door,https://modernpinkpaper.github.io/pins/find-pot-lid-rack-1-66195090f3.png,Amazon Home Finds,,"Lids stand up in their own slots, so you grab one without the crash-and-sigh routine. Adjustable pot lid rack on Amazon. #ad affiliate link",https://www.amazon.com/s?k=adjustable+pot+lid+organizer+rack+for+cabinet&tag=YOURTAG-20,2026-10-03T15:07:00,"adhd home, kitchen organization, amazon finds"
The drawer that stopped fighting me back,https://modernpinkpaper.github.io/pins/find-wrap-organizer-1-e567c54a6e.png,Amazon Home Finds,,"Foil, wrap and bags each get a lane, so the drawer actually closes and you see what you have. Drawer organizer for foil and wrap boxes on Amazon. #ad affiliate link",https://www.amazon.com/s?k=foil+and+plastic+wrap+organizer+drawer+holder&tag=YOURTAG-20,2026-10-03T17:14:00,"adhd home, kitchen organization, amazon finds"
Pull out one pan without moving five,https://modernpinkpaper.github.io/pins/find-pan-organizer-rack-1-a9cab91098.png,Amazon Home Finds,,"Pans stand on their sides like files. One pan out, zero clatter, zero rage. Expandable pan organizer rack on Amazon. #ad affiliate link",https://www.amazon.com/s?k=expandable+pan+organizer+rack+for+cabinet&tag=YOURTAG-20,2026-10-03T19:21:00,"adhd home, kitchen organization, amazon finds"
"Tiny fix, zero stale snacks",https://modernpinkpaper.github.io/pins/find-bag-clips-1-79c24049be.png,Amazon Home Finds,,"Clips live in reach, so bags get closed instead of rolled, dropped and forgotten. Colorful chip bag clips set on Amazon. #ad affiliate link",https://www.amazon.com/s?k=chip+bag+clips+assorted+colors+set&tag=YOURTAG-20,2026-10-04T13:00:00,"adhd home, kitchen organization, amazon finds"
Your sink edge deserves a little home,https://modernpinkpaper.github.io/pins/find-sponge-caddy-1-ccde0f4517.png,Amazon Home Finds,,"Sponge, brush and soap get one spot, so the sink edge stops being a soggy junk pile. Sink sponge caddy with drain tray on Amazon. #ad affiliate link",https://www.amazon.com/s?k=kitchen+sink+sponge+holder+caddy+with+drain&tag=YOURTAG-20,2026-10-04T15:07:00,"adhd home, kitchen organization, amazon finds"
Stop finding sad lettuce in week two,https://modernpinkpaper.github.io/pins/find-produce-savers-1-4b30028632.png,Amazon Home Finds,,"Produce sits visible and front-and-center, so you use it before it turns into a science project. Vented produce saver containers on Amazon. #ad affiliate link",https://www.amazon.com/s?k=produce+saver+containers+for+refrigerator+vented&tag=YOURTAG-20,2026-10-04T17:14:00,"adhd home, kitchen organization, amazon finds"
Double your cabinet space in 2 minutes,https://modernpinkpaper.github.io/pins/find-cabinet-shelf-riser-1-9d397219f3.png,Small Space Organizing,,"A riser turns one wobbly stack into two easy rows. No tools, no measuring, done. Stackable cabinet shelf risers on Amazon. #ad affiliate link",https://www.amazon.com/s?k=stackable+kitchen+cabinet+shelf+riser&tag=YOURTAG-20,2026-10-04T19:21:00,"adhd home, kitchen organization, amazon finds"
The junk drawer glow-up you'll feel daily,https://modernpinkpaper.github.io/pins/find-utensil-drawer-organizer-1-8ea8303956.png,ADHD Home Organization,,"Every utensil gets a slot, so putting things away takes zero decisions. Expandable bamboo utensil organizer on Amazon. #ad affiliate link",https://www.amazon.com/s?k=expandable+bamboo+utensil+drawer+organizer&tag=YOURTAG-20,2026-10-05T13:00:00,"adhd home, kitchen organization, amazon finds"
Is the dishwasher clean? Now you'll know.,https://modernpinkpaper.github.io/pins/find-dishwasher-magnet-1-cc91ef3f22.png,Amazon Home Finds,,One flip answers the question nobody in your house can remember the answer to. Clean/dirty dishwasher magnet on Amazon. #ad affiliate link,https://www.amazon.com/s?k=clean+dirty+dishwasher+magnet+sign&tag=YOURTAG-20,2026-10-05T15:07:00,"adhd home, kitchen organization, amazon finds"
"Sort as you undress, not on laundry day",https://modernpinkpaper.github.io/pins/find-laundry-sorter-cart-1-d0636be9c9.png,Amazon Home Finds,,Toss clothes into the right bag as you go. Laundry day starts half done. Three-bag laundry sorter cart on Amazon. #ad affiliate link,https://www.amazon.com/s?k=three+bag+laundry+sorter+cart+with+wheels&tag=YOURTAG-20,2026-10-05T17:14:00,"adhd home, laundry organization, amazon finds"
A hamper in every room changes everything,https://modernpinkpaper.github.io/pins/find-collapsible-hamper-1-918cb52fed.png,ADHD Home Organization,,"Put one wherever clothes land. If the hamper is closer than the floor, clothes go in it. Collapsible laundry hampers on Amazon. #ad affiliate link",https://www.amazon.com/s?k=collapsible+laundry+hamper+with+handles&tag=YOURTAG-20,2026-10-05T19:21:00,"adhd home, laundry organization, amazon finds"
"Lights, darks, done. No sorting session.",https://modernpinkpaper.github.io/pins/find-double-hamper-1-e8c9da5315.png,Amazon Home Finds,,"Two sections mean the sorting happens the second clothes come off, not in a giant pile later. Two-section hamper with lid on Amazon. #ad affiliate link",https://www.amazon.com/s?k=double+laundry+hamper+with+lid+two+sections&tag=YOURTAG-20,2026-10-06T13:00:00,"adhd home, laundry organization, amazon finds"
For the stuff you can't put in the dryer,https://modernpinkpaper.github.io/pins/find-drying-rack-1-ffbec8ab61.png,Small Space Organizing,,"It folds flat behind a door, so delicates dry instead of living damp in the washer. Foldable clothes drying rack on Amazon. #ad affiliate link",https://www.amazon.com/s?k=foldable+clothes+drying+rack+collapsible&tag=YOURTAG-20,2026-10-06T15:07:00,"adhd home, laundry organization, amazon finds"
Fold a shirt in 3 seconds. Seriously.,https://modernpinkpaper.github.io/pins/find-folding-board-1-b4b111741b.png,Amazon Home Finds,,"It turns folding into a flip-flip-flip game. Weirdly satisfying, surprisingly fast. Clothes folding board on Amazon. #ad affiliate link",https://www.amazon.com/s?k=clothes+folding+board+for+shirts&tag=YOURTAG-20,2026-10-06T17:14:00,"adhd home, laundry organization, amazon finds"
The end of the one-sock mystery,https://modernpinkpaper.github.io/pins/find-mesh-laundry-bags-1-9eda0386c4.png,Amazon Home Finds,,"Toss socks straight into a mesh bag. They go in together, they come out together. Mesh laundry wash bags on Amazon. #ad affiliate link",https://www.amazon.com/s?k=mesh+laundry+bags+for+delicates+set&tag=YOURTAG-20,2026-10-06T19:21:00,"adhd home, laundry organization, amazon finds"
"Pretty enough to leave out, so you will",https://modernpinkpaper.github.io/pins/find-pod-container-1-f21ae4485b.png,Amazon Home Finds,,A container on top of the washer means no digging under the sink mid-load. Laundry pod container with lid on Amazon. #ad affiliate link,https://www.amazon.com/s?k=laundry+pod+container+with+lid&tag=YOURTAG-20,2026-10-07T13:00:00,"adhd home, laundry organization, amazon finds"
Where single socks wait for their match,https://modernpinkpaper.github.io/pins/find-lost-sock-basket-1-780c53279c.png,ADHD Home Organization,,A labeled basket gives lone socks a home instead of a pile on the dryer. Lost sock basket on Amazon. #ad affiliate link,https://www.amazon.com/s?k=lost+socks+basket+laundry+room&tag=YOURTAG-20,2026-10-07T15:07:00,"adhd home, laundry organization, amazon finds"
That 6-inch gap? It's storage now.,https://modernpinkpaper.github.io/pins/find-slim-rolling-cart-1-90f91aec81.png,Small Space Organizing,,It slides between the washer and wall and holds everything you keep misplacing. Slim rolling storage cart on Amazon. #ad affiliate link,https://www.amazon.com/s?k=slim+rolling+storage+cart+laundry+room&tag=YOURTAG-20,2026-10-07T17:14:00,"adhd home, laundry organization, amazon finds"
Use the air above your washer,https://modernpinkpaper.github.io/pins/find-over-washer-shelf-1-8f39f1752a.png,Small Space Organizing,,"Detergent, dryer balls and stain spray get a home at eye level, where you'll see them. Over-the-washer storage shelf on Amazon. #ad affiliate link",https://www.amazon.com/s?k=over+the+washer+dryer+storage+shelf&tag=YOURTAG-20,2026-10-07T19:21:00,"adhd home, laundry organization, amazon finds"
One less bottle to remember to buy,https://modernpinkpaper.github.io/pins/find-dryer-balls-1-04e5376f3c.png,Amazon Home Finds,,"They live in the dryer. Nothing to measure, nothing to run out of. Wool dryer balls on Amazon. #ad affiliate link",https://www.amazon.com/s?k=wool+dryer+balls+set&tag=YOURTAG-20,2026-10-08T13:00:00,"adhd home, laundry organization, amazon finds"
Stop carrying laundry like a pack mule,https://modernpinkpaper.github.io/pins/find-rolling-laundry-basket-1-faea709157.png,Amazon Home Finds,,"Wheels take the heavy lifting out of the trip to the washer, which makes the trip more likely. Rolling laundry basket on Amazon. #ad affiliate link",https://www.amazon.com/s?k=rolling+laundry+basket+with+wheels&tag=YOURTAG-20,2026-10-08T15:07:00,"adhd home, laundry organization, amazon finds"
"No drill, no rust, no bottle graveyard",https://modernpinkpaper.github.io/pins/find-shower-caddy-adhesive-1-5550661563.png,Amazon Home Finds,,It sticks on in minutes and keeps bottles off the tub edge where they collect gunk. Adhesive corner shower caddy on Amazon. #ad affiliate link,https://www.amazon.com/s?k=adhesive+corner+shower+caddy+no+drilling&tag=YOURTAG-20,2026-10-08T17:14:00,"adhd home, bathroom organization, amazon finds"
The bathroom storage hiding in plain sight,https://modernpinkpaper.github.io/pins/find-over-toilet-rack-1-4d6078715e.png,Small Space Organizing,,Shelves above the toilet use space you already have and keep extras easy to spot. Over-the-toilet storage rack on Amazon. #ad affiliate link,https://www.amazon.com/s?k=over+the+toilet+storage+rack+bathroom&tag=YOURTAG-20,2026-10-08T19:21:00,"adhd home, bathroom organization, amazon finds"
Open the cabinet without an avalanche,https://modernpinkpaper.github.io/pins/find-bathroom-under-sink-1-ce5f85f19a.png,Small Space Organizing,,Stackable drawers turn one deep cabinet into rows you can actually see and reach. Bathroom under-sink drawer organizer on Amazon. #ad affiliate link,https://www.amazon.com/s?k=bathroom+under+sink+organizer+with+drawers&tag=YOURTAG-20,2026-10-08T21:28:00,"adhd home, bathroom organization, amazon finds"
"Clear counter, zero hunting",https://modernpinkpaper.github.io/pins/find-counter-organizer-2tier-1-ae2ea2e1fa.png,Amazon Home Finds,,"Two tiers hold the daily stuff in one spot, so the counter wipes clean in seconds. Two-tier bathroom counter organizer on Amazon. #ad affiliate link",https://www.amazon.com/s?k=bathroom+counter+organizer+two+tier&tag=YOURTAG-20,2026-10-08T23:35:00,"adhd home, bathroom organization, amazon finds"
Get the toothbrushes off the counter,https://modernpinkpaper.github.io/pins/find-toothbrush-holder-1-063ca3d76a.png,Amazon Home Finds,,"Everything hangs on the wall, so counter wiping becomes a one-swipe job. Wall-mounted toothbrush holder on Amazon. #ad affiliate link",https://www.amazon.com/s?k=wall+mounted+toothbrush+holder+with+cups&tag=YOURTAG-20,2026-10-09T01:42:00,"adhd home, bathroom organization, amazon finds"
The drawer that looks like a label maker ad,https://modernpinkpaper.github.io/pins/find-acrylic-drawer-trays-1-c7c5e210d2.png,ADHD Home Organization,,"Mix-and-match trays give every tiny thing a spot, so the drawer stays sorted by default. Clear drawer organizer tray set on Amazon. #ad affiliate link",https://www.amazon.com/s?k=clear+drawer+organizer+trays+set+bathroom&tag=YOURTAG-20,2026-10-09T03:49:00,"adhd home, bathroom organization, amazon finds"
See all your makeup at once. Finally.,https://modernpinkpaper.github.io/pins/find-makeup-organizer-1-f2dfb62f69.png,Amazon Home Finds,,Clear drawers mean you use what you own instead of rebuying what you can't find. Clear makeup organizer with drawers on Amazon. #ad affiliate link,https://www.amazon.com/s?k=clear+makeup+organizer+with+drawers&tag=YOURTAG-20,2026-10-09T13:00:00,"adhd home, bathroom organization, amazon finds"
Where the hot tools finally live,https://modernpinkpaper.github.io/pins/find-hair-tool-holder-1-41b523d9cf.png,Amazon Home Finds,,"Dryer and straightener hang in one spot, so cords stop tangling across the counter. Wall-mounted hair tool holder on Amazon. #ad affiliate link",https://www.amazon.com/s?k=hair+tool+organizer+wall+mount+dryer+holder&tag=YOURTAG-20,2026-10-09T15:07:00,"adhd home, bathroom organization, amazon finds"
No more wet towels on the floor,https://modernpinkpaper.github.io/pins/find-over-door-towel-hooks-1-d305ccb4a0.png,Small Space Organizing,,"Hooks are easier than folding over a bar, and easy is what actually gets done. Over-door towel hooks on Amazon. #ad affiliate link",https://www.amazon.com/s?k=over+the+door+towel+rack+hooks&tag=YOURTAG-20,2026-10-09T17:14:00,"adhd home, bathroom organization, amazon finds"
Find the bandages in under 10 seconds,https://modernpinkpaper.github.io/pins/find-medicine-bin-1-4847a0a97d.png,ADHD Home Organization,,"A labeled clear bin means you grab what you need fast, even on a chaotic morning. Clear lidded storage bins for first aid on Amazon. #ad affiliate link",https://www.amazon.com/s?k=clear+storage+bin+with+lid+first+aid&tag=YOURTAG-20,2026-10-09T19:21:00,"adhd home, bathroom organization, amazon finds"
"Cotton swabs, but make it cute",https://modernpinkpaper.github.io/pins/find-apothecary-jars-1-80ce541ce9.png,Amazon Home Finds,,"Clear jars show when you're running low, and they're easier to open than a box. Clear apothecary jars set on Amazon. #ad affiliate link",https://www.amazon.com/s?k=clear+apothecary+jars+bathroom+cotton+swab+holder&tag=YOURTAG-20,2026-10-09T21:28:00,"adhd home, bathroom organization, amazon finds"
"Never shout ""is there more TP?"" again",https://modernpinkpaper.github.io/pins/find-tp-storage-stand-1-967ce7d44d.png,Amazon Home Finds,,"Spare rolls sit right there in view, so you notice before you run out. Toilet paper storage stand on Amazon. #ad affiliate link",https://www.amazon.com/s?k=toilet+paper+storage+stand+freestanding&tag=YOURTAG-20,2026-10-09T23:35:00,"adhd home, bathroom organization, amazon finds"
Your cabinet door is free storage,https://modernpinkpaper.github.io/pins/find-cabinet-door-organizer-1-7c097142ba.png,Small Space Organizing,,The inside of the door holds the small stuff that usually gets lost in the back. Adhesive cabinet door organizer on Amazon. #ad affiliate link,https://www.amazon.com/s?k=cabinet+door+organizer+adhesive+bathroom&tag=YOURTAG-20,2026-10-10T01:42:00,"adhd home, bathroom organization, amazon finds"
Keys go here. Forever. The end.,https://modernpinkpaper.github.io/pins/find-wall-key-holder-1-bfd4c2f329.png,ADHD Home Organization,,"One spot by the door for keys and mail means mornings start with walking out, not searching. Wall key holder with mail shelf on Amazon. #ad affiliate link",https://www.amazon.com/s?k=wall+key+holder+with+mail+shelf&tag=YOURTAG-20,2026-10-10T03:49:00,"adhd home, entryway organization, amazon finds"
The drop zone that saves my mornings,https://modernpinkpaper.github.io/pins/find-catchall-tray-1-c880f1cebb.png,Amazon Home Finds,,Empty your pockets into one tray the second you walk in. Tomorrow-you will thank you. Entryway catchall tray on Amazon. #ad affiliate link,https://www.amazon.com/s?k=entryway+catchall+tray+for+keys&tag=YOURTAG-20,2026-10-10T13:00:00,"adhd home, entryway organization, amazon finds"
For keys that grow legs overnight,https://modernpinkpaper.github.io/pins/find-key-finder-1-461ab30af9.png,Amazon Home Finds,,Attach it to keys or wallet and ring it from your phone when they wander off again. Bluetooth key finder tracker on Amazon. #ad affiliate link,https://www.amazon.com/s?k=bluetooth+key+finder+tracker+for+keys&tag=YOURTAG-20,2026-10-10T15:07:00,"adhd home, entryway organization, amazon finds"
"The shoe pile by the door, solved",https://modernpinkpaper.github.io/pins/find-stackable-shoe-rack-1-1f6a509639.png,Small Space Organizing,,"A slim rack turns a pile into rows, and it fits even a tiny entry. Stackable entryway shoe rack on Amazon. #ad affiliate link",https://www.amazon.com/s?k=stackable+shoe+rack+for+entryway+narrow&tag=YOURTAG-20,2026-10-10T17:14:00,"adhd home, entryway organization, amazon finds"
"Instant storage, zero holes in the wall",https://modernpinkpaper.github.io/pins/find-over-door-hooks-1-a324627450.png,Small Space Organizing,,"Hang bags, coats and leashes on the back of a door in about thirty seconds. Over-door hook rack on Amazon. #ad affiliate link",https://www.amazon.com/s?k=over+the+door+hook+rack&tag=YOURTAG-20,2026-10-10T19:21:00,"adhd home, entryway organization, amazon finds"
Hooks beat hangers. Every single time.,https://modernpinkpaper.github.io/pins/find-wall-coat-rack-1-7c76be8c73.png,ADHD Home Organization,,"Hanging a coat on a hook takes one move, so coats stop landing on chairs. Wall-mounted coat rack on Amazon. #ad affiliate link",https://www.amazon.com/s?k=wall+mounted+coat+rack+with+hooks&tag=YOURTAG-20,2026-10-10T21:28:00,"adhd home, entryway organization, amazon finds"
Kick shoes off straight into the basket,https://modernpinkpaper.github.io/pins/find-shoe-basket-1-b5cea6a674.png,ADHD Home Organization,,No lining up required. A basket takes shoes the way we actually take them off. Large woven shoe basket on Amazon. #ad affiliate link,https://www.amazon.com/s?k=large+woven+basket+for+shoes+entryway&tag=YOURTAG-20,2026-10-10T23:35:00,"adhd home, entryway organization, amazon finds"
Walk the dog without the leash hunt,https://modernpinkpaper.github.io/pins/find-leash-hook-1-6dbc5cb8e3.png,Amazon Home Finds,,"Leash, bags and keys hang together, so the walk starts when the dog asks. Wall leash and key hook on Amazon. #ad affiliate link",https://www.amazon.com/s?k=leash+hook+holder+wall+mounted&tag=YOURTAG-20,2026-10-11T01:42:00,"adhd home, entryway organization, amazon finds"
The bin that finally gets returns returned,https://modernpinkpaper.github.io/pins/find-outgoing-bin-1-5827ce508b.png,ADHD Home Organization,,"Library books, returns and borrowed dishes go in one bin by the door so they actually leave. Entryway bin for outgoing stuff on Amazon. #ad affiliate link",https://www.amazon.com/s?k=entryway+storage+bin+with+handles&tag=YOURTAG-20,2026-10-11T03:49:00,"adhd home, entryway organization, amazon finds"
Stick a hook exactly where stuff lands,https://modernpinkpaper.github.io/pins/find-adhesive-wall-hooks-1-61b16be0c1.png,Small Space Organizing,,Renter-friendly hooks let you put storage right where your habits already are. Heavy-duty adhesive wall hooks on Amazon. #ad affiliate link,https://www.amazon.com/s?k=adhesive+wall+hooks+heavy+duty+removable&tag=YOURTAG-20,2026-10-11T13:00:00,"adhd home, entryway organization, amazon finds"
Muddy shoes stop at the tray,https://modernpinkpaper.github.io/pins/find-boot-tray-1-928183c1cb.png,Amazon Home Finds,,It catches mud and snow so the floor stays cleaner with zero extra effort. Waterproof boot tray on Amazon. #ad affiliate link,https://www.amazon.com/s?k=boot+tray+for+entryway+waterproof&tag=YOURTAG-20,2026-10-11T15:07:00,"adhd home, entryway organization, amazon finds"
"Your launch pad, all in one piece",https://modernpinkpaper.github.io/pins/find-entryway-wall-organizer-1-06102aba97.png,ADHD Home Organization,,"Hooks, a mail slot and a shelf in one unit. One install, one home for the daily stuff. Entryway wall organizer with hooks on Amazon. #ad affiliate link",https://www.amazon.com/s?k=entryway+wall+organizer+mail+key+holder&tag=YOURTAG-20,2026-10-11T17:14:00,"adhd home, entryway organization, amazon finds"
Keys snap on. No aiming required.,https://modernpinkpaper.github.io/pins/find-magnetic-key-holder-1-155e30dfe3.png,Amazon Home Finds,,"Magnets grab keys even when you toss them, which is exactly how we hang keys. Magnetic key holder for wall on Amazon. #ad affiliate link",https://www.amazon.com/s?k=magnetic+key+holder+for+wall&tag=YOURTAG-20,2026-10-11T19:21:00,"adhd home, entryway organization, amazon finds"
"Your nightstand clutter, off the nightstand",https://modernpinkpaper.github.io/pins/find-bedside-caddy-1-9782f3d14b.png,Small Space Organizing,,"Phone, book, glasses and remote tuck into pockets right beside you. Hanging bedside caddy on Amazon. #ad affiliate link",https://www.amazon.com/s?k=bedside+caddy+organizer+hanging&tag=YOURTAG-20,2026-10-11T21:28:00,"adhd home, bedroom organization, amazon finds"
Hidden storage with a peek window,https://modernpinkpaper.github.io/pins/find-under-bed-bags-1-3934cec89a.png,Small Space Organizing,,"A clear window shows what's inside, so out of sight doesn't become out of mind. Under-bed storage bags with window on Amazon. #ad affiliate link",https://www.amazon.com/s?k=under+bed+storage+bags+with+clear+window&tag=YOURTAG-20,2026-10-11T23:35:00,"adhd home, bedroom organization, amazon finds"
Give the chair clothes a real home,https://modernpinkpaper.github.io/pins/find-valet-stand-1-473dc5c3e2.png,ADHD Home Organization,,Worn-once clothes need a spot. A valet stand gives them one that isn't the floor. Clothes valet stand on Amazon. #ad affiliate link,https://www.amazon.com/s?k=clothes+valet+stand+for+bedroom&tag=YOURTAG-20,2026-10-12T01:42:00,"adhd home, bedroom organization, amazon finds"
The 5-minute drawer reset,https://modernpinkpaper.github.io/pins/find-sock-drawer-dividers-1-e1d3e6fbba.png,ADHD Home Organization,,"Little cubbies mean socks get tossed in, not folded, and still look sorted. Sock and underwear drawer dividers on Amazon. #ad affiliate link",https://www.amazon.com/s?k=sock+underwear+drawer+organizer+dividers&tag=YOURTAG-20,2026-10-12T03:49:00,"adhd home, bedroom organization, amazon finds"
Stop losing earrings to the nightstand void,https://modernpinkpaper.github.io/pins/find-jewelry-tray-1-87cd5b482c.png,Amazon Home Finds,,A small tray catches rings and earrings at the exact spot you take them off. Jewelry dish tray on Amazon. #ad affiliate link,https://www.amazon.com/s?k=jewelry+dish+tray+organizer&tag=YOURTAG-20,2026-10-12T13:00:00,"adhd home, bedroom organization, amazon finds"
"Full sheet sets, zero folding stress",https://modernpinkpaper.github.io/pins/find-sheet-organizer-1-e054bc5444.png,ADHD Home Organization,,"Each set lives in its own labeled bag, so changing the bed stops starting with a search. Bed sheet organizer bags on Amazon. #ad affiliate link",https://www.amazon.com/s?k=bed+sheet+organizer+storage+bags&tag=YOURTAG-20,2026-10-12T15:07:00,"adhd home, bedroom organization, amazon finds"
Instant storage under your bed,https://modernpinkpaper.github.io/pins/find-bed-risers-1-57d1afed24.png,Small Space Organizing,,A few extra inches under the bed fit bins you can slide in and out easily. Bed risers on Amazon. #ad affiliate link,https://www.amazon.com/s?k=bed+risers+for+under+bed+storage&tag=YOURTAG-20,2026-10-12T17:14:00,"adhd home, bedroom organization, amazon finds"
No room for a nightstand? Clip one on.,https://modernpinkpaper.github.io/pins/find-clip-on-shelf-1-2f5a655bbd.png,Small Space Organizing,,It clips to the bed frame and holds your phone and water in tiny spaces. Clip-on bedside shelf on Amazon. #ad affiliate link,https://www.amazon.com/s?k=clip+on+bedside+shelf+for+bed&tag=YOURTAG-20,2026-10-12T19:21:00,"adhd home, bedroom organization, amazon finds"
Blankets in a basket beats folded perfectly,https://modernpinkpaper.github.io/pins/find-blanket-basket-1-f8074c12a1.png,Amazon Home Finds,,"Toss throws in a basket. It looks cozy on purpose, and it takes two seconds. Large woven blanket basket on Amazon. #ad affiliate link",https://www.amazon.com/s?k=large+woven+storage+basket+for+blankets&tag=YOURTAG-20,2026-10-12T21:28:00,"adhd home, bedroom organization, amazon finds"
A trash can in every room. Trust me.,https://modernpinkpaper.github.io/pins/find-bedroom-trash-can-1-5bf1257ca0.png,ADHD Home Organization,,"When trash is closer than the kitchen, wrappers stop piling on the nightstand. Small trash can with lid on Amazon. #ad affiliate link",https://www.amazon.com/s?k=small+trash+can+with+lid+for+bedroom&tag=YOURTAG-20,2026-10-12T23:35:00,"adhd home, bedroom organization, amazon finds"
The cube bins every messy brain needs,https://modernpinkpaper.github.io/pins/find-fabric-cubes-1-b356051c0c.png,ADHD Home Organization,,"One category per bin, label on the front. Toss, don't fold. Done. Fabric storage cube bins on Amazon. #ad affiliate link",https://www.amazon.com/s?k=fabric+storage+cubes+bins+with+handles&tag=YOURTAG-20,2026-10-13T01:42:00,"adhd home, bedroom organization, amazon finds"
Clothes stop sliding off. Closet doubles.,https://modernpinkpaper.github.io/pins/find-velvet-hangers-1-cc9128a157.png,Amazon Home Finds,,"Matching slim hangers save space and keep clothes on the hanger, not the closet floor. Slim velvet hangers on Amazon. #ad affiliate link",https://www.amazon.com/s?k=slim+velvet+hangers+non+slip&tag=YOURTAG-20,2026-10-13T03:49:00,"adhd home, closet organization, amazon finds"
Fit five outfits in one hanger's space,https://modernpinkpaper.github.io/pins/find-cascading-hangers-1-838670727f.png,Small Space Organizing,,Stack pants or tops vertically and free up rod space in seconds. Space-saving cascading hangers on Amazon. #ad affiliate link,https://www.amazon.com/s?k=space+saving+hangers+for+closet+cascading&tag=YOURTAG-20,2026-10-13T13:00:00,"adhd home, closet organization, amazon finds"
Sweater stacks that don't topple,https://modernpinkpaper.github.io/pins/find-shelf-dividers-1-b4b3d50251.png,Amazon Home Finds,,"Dividers slide onto shelves and keep stacks upright, even when you pull from the middle. Acrylic closet shelf dividers on Amazon. #ad affiliate link",https://www.amazon.com/s?k=acrylic+closet+shelf+dividers&tag=YOURTAG-20,2026-10-13T15:07:00,"adhd home, closet organization, amazon finds"
Instant shelves in any closet,https://modernpinkpaper.github.io/pins/find-hanging-shelves-1-11c6390a28.png,Small Space Organizing,,"Hang it on the rod and you've got cubbies for jeans, bags or tees. No tools. Hanging closet shelves on Amazon. #ad affiliate link",https://www.amazon.com/s?k=hanging+closet+organizer+shelves+fabric&tag=YOURTAG-20,2026-10-13T17:14:00,"adhd home, closet organization, amazon finds"
Not only for shoes (the secret weapon),https://modernpinkpaper.github.io/pins/find-over-door-shoe-organizer-1-fcc7f812a2.png,Small Space Organizing,,"Clear pockets hold shoes, snacks, cleaning stuff or chargers. If you can see it, you use it. Over-door shoe organizer with clear pockets on Amazon. #ad affiliate link",https://www.amazon.com/s?k=over+the+door+shoe+organizer+clear+pockets&tag=YOURTAG-20,2026-10-13T19:21:00,"adhd home, closet organization, amazon finds"
"Bags off the floor, in view, in one spot",https://modernpinkpaper.github.io/pins/find-purse-organizer-1-70a8eb9efc.png,Amazon Home Finds,,"Clear slots let you see every bag, so you actually use the ones you have. Hanging purse organizer on Amazon. #ad affiliate link",https://www.amazon.com/s?k=hanging+purse+organizer+for+closet&tag=YOURTAG-20,2026-10-13T21:28:00,"adhd home, closet organization, amazon finds"
"Double your hanging space, no drill",https://modernpinkpaper.github.io/pins/find-closet-doubler-rod-1-1fd46050e1.png,Small Space Organizing,,A second rod hangs below the first. Twice the space in two minutes. Closet doubler rod on Amazon. #ad affiliate link,https://www.amazon.com/s?k=closet+doubler+rod+hanging&tag=YOURTAG-20,2026-10-13T23:35:00,"adhd home, closet organization, amazon finds"
Shelves that stay tidy on their own,https://modernpinkpaper.github.io/pins/find-fabric-closet-bins-1-2adeafb235.png,ADHD Home Organization,,Bins hold categories so you toss things in instead of folding perfect stacks. Foldable closet shelf bins on Amazon. #ad affiliate link,https://www.amazon.com/s?k=foldable+fabric+storage+bins+for+closet+shelves&tag=YOURTAG-20,2026-10-14T01:42:00,"adhd home, closet organization, amazon finds"
"Off-season clothes, shrunk to nothing",https://modernpinkpaper.github.io/pins/find-vacuum-storage-bags-1-7be2feecb1.png,Small Space Organizing,,Seasonal stuff shrinks flat and moves out of the way until you need it. Vacuum storage bags for clothes on Amazon. #ad affiliate link,https://www.amazon.com/s?k=vacuum+storage+bags+for+clothes&tag=YOURTAG-20,2026-10-14T03:49:00,"adhd home, closet organization, amazon finds"
See every pair without opening a box,https://modernpinkpaper.github.io/pins/find-clear-shoe-boxes-1-a2eee72022.png,Amazon Home Finds,,"Clear fronts show every pair, so you stop wearing the same two. Clear stackable shoe boxes on Amazon. #ad affiliate link",https://www.amazon.com/s?k=clear+stackable+shoe+boxes+with+lids&tag=YOURTAG-20,2026-10-14T13:00:00,"adhd home, closet organization, amazon finds"
The closet light you didn't know you needed,https://modernpinkpaper.github.io/pins/find-closet-light-1-5073d64f0c.png,Amazon Home Finds,,"It turns on when you open the door, so dark corners stop hiding stuff. Motion sensor closet light on Amazon. #ad affiliate link",https://www.amazon.com/s?k=motion+sensor+closet+light+rechargeable&tag=YOURTAG-20,2026-10-14T15:07:00,"adhd home, closet organization, amazon finds"
Declutter while you get dressed,https://modernpinkpaper.github.io/pins/find-closet-donate-bag-1-804e2495ea.png,ADHD Home Organization,,Doesn't fit? Straight into the donate bag. No separate decluttering day needed. Hanging closet donation bag on Amazon. #ad affiliate link,https://www.amazon.com/s?k=hanging+donation+bag+for+closet&tag=YOURTAG-20,2026-10-14T17:14:00,"adhd home, closet organization, amazon finds"
The 60-second crumb fix,https://modernpinkpaper.github.io/pins/find-cordless-handheld-vacuum-1-87a371601f.png,Amazon Home Finds,,"Grab, zap, done. No cord and no big vacuum means small messes get handled right away. Cordless handheld vacuum on Amazon. #ad affiliate link",https://www.amazon.com/s?k=cordless+handheld+vacuum+rechargeable+lightweight&tag=YOURTAG-20,2026-10-14T19:21:00,"adhd home, cleaning organization, amazon finds"
Mop the floor without a bucket,https://modernpinkpaper.github.io/pins/find-spray-mop-1-9fd0ea62b2.png,ADHD Cleaning Tips,,No bucket to fill means mopping takes five minutes instead of a whole production. Refillable spray mop on Amazon. #ad affiliate link,https://www.amazon.com/s?k=spray+mop+with+refillable+bottle&tag=YOURTAG-20,2026-10-14T21:28:00,"adhd home, cleaning organization, amazon finds"
Carry the whole cleaning kit in one hand,https://modernpinkpaper.github.io/pins/find-cleaning-caddy-1-8885411293.png,ADHD Cleaning Tips,,"Everything goes room to room with you, so you're not walking back and forth mid-task. Cleaning caddy with handle on Amazon. #ad affiliate link",https://www.amazon.com/s?k=cleaning+caddy+with+handle+organizer&tag=YOURTAG-20,2026-10-14T23:35:00,"adhd home, cleaning organization, amazon finds"
The cloth system that ends the guessing,https://modernpinkpaper.github.io/pins/find-microfiber-cloths-1-37f4ed46ac.png,ADHD Cleaning Tips,,"One color per room means no thinking. Grab, wipe, done. Color-coded microfiber cloths on Amazon. #ad affiliate link",https://www.amazon.com/s?k=microfiber+cleaning+cloths+color+coded+pack&tag=YOURTAG-20,2026-10-15T01:42:00,"adhd home, cleaning organization, amazon finds"
Let the brush do the scrubbing,https://modernpinkpaper.github.io/pins/find-spin-scrubber-1-4b37a191b3.png,ADHD Cleaning Tips,,"A spinning head takes the elbow grease out of tubs and grout, which makes starting easier. Cordless electric spin scrubber on Amazon. #ad affiliate link",https://www.amazon.com/s?k=electric+spin+scrubber+cordless&tag=YOURTAG-20,2026-10-15T03:49:00,"adhd home, cleaning organization, amazon finds"
The toilet swish you'll actually do,https://modernpinkpaper.github.io/pins/find-toilet-brush-set-1-bd27960f48.png,ADHD Cleaning Tips,,A brush in every bathroom makes a 30-second swish possible any time you think of it. Toilet brush and holder set on Amazon. #ad affiliate link,https://www.amazon.com/s?k=toilet+brush+and+holder+set&tag=YOURTAG-20,2026-10-15T13:00:00,"adhd home, cleaning organization, amazon finds"
"10 seconds a day, way less scrubbing",https://modernpinkpaper.github.io/pins/find-shower-squeegee-1-d33677d36a.png,ADHD Cleaning Tips,,Hang it in the shower and swipe after showering. Future scrubbing drops way down. Shower squeegee with hook on Amazon. #ad affiliate link,https://www.amazon.com/s?k=shower+squeegee+with+hook&tag=YOURTAG-20,2026-10-15T15:07:00,"adhd home, cleaning organization, amazon finds"
Dust the high stuff without a ladder,https://modernpinkpaper.github.io/pins/find-extendable-duster-1-5774436e3b.png,ADHD Cleaning Tips,,An extending handle reaches fans and shelf tops from the floor. Extendable microfiber duster on Amazon. #ad affiliate link,https://www.amazon.com/s?k=extendable+microfiber+duster+with+long+handle&tag=YOURTAG-20,2026-10-15T17:14:00,"adhd home, cleaning organization, amazon finds"
Wash one dish without the whole setup,https://modernpinkpaper.github.io/pins/find-soap-dish-brush-1-080be80524.png,ADHD Cleaning Tips,,"Soap lives in the handle, so rinsing one mug is one step instead of three. Soap-dispensing dish brush on Amazon. #ad affiliate link",https://www.amazon.com/s?k=soap+dispensing+dish+brush&tag=YOURTAG-20,2026-10-15T19:21:00,"adhd home, cleaning organization, amazon finds"
"Scuffs on walls? Swipe, gone.",https://modernpinkpaper.github.io/pins/find-melamine-sponges-1-e4b592e936.png,ADHD Cleaning Tips,,A damp sponge lifts marks off walls and doors with barely any effort. Melamine cleaning sponges on Amazon. #ad affiliate link,https://www.amazon.com/s?k=melamine+sponges+cleaning+eraser&tag=YOURTAG-20,2026-10-15T21:28:00,"adhd home, cleaning organization, amazon finds"
Pet hair piles you won't believe,https://modernpinkpaper.github.io/pins/find-rubber-broom-1-626e87cffe.png,ADHD Cleaning Tips,,Rubber bristles pull hair out of rugs and floors in a few strokes. Rubber broom for pet hair on Amazon. #ad affiliate link,https://www.amazon.com/s?k=rubber+broom+for+pet+hair+carpet&tag=YOURTAG-20,2026-10-15T23:35:00,"adhd home, cleaning organization, amazon finds"
Couch fur gone in 30 seconds,https://modernpinkpaper.github.io/pins/find-pet-hair-roller-1-c4be92fb67.png,Amazon Home Finds,,"Roll back and forth, empty the chamber. No sticky sheets to run out of. Reusable pet hair remover roller on Amazon. #ad affiliate link",https://www.amazon.com/s?k=reusable+pet+hair+remover+roller&tag=YOURTAG-20,2026-10-16T01:42:00,"adhd home, cleaning organization, amazon finds"
The little broom that changes everything,https://modernpinkpaper.github.io/pins/find-mini-dustpan-set-1-89107839c8.png,ADHD Cleaning Tips,,"Small enough to keep in every room, so small spills get swept up right away. Mini dustpan and brush set on Amazon. #ad affiliate link",https://www.amazon.com/s?k=mini+dustpan+and+brush+set&tag=YOURTAG-20,2026-10-16T03:49:00,"adhd home, cleaning organization, amazon finds"
Get the paper pile off the counter,https://modernpinkpaper.github.io/pins/find-wall-file-organizer-1-5240e72221.png,ADHD Home Organization,,"Paper goes up on the wall in sorted pockets, not down on every flat surface. Wall-mounted file organizer on Amazon. #ad affiliate link",https://www.amazon.com/s?k=wall+mounted+file+organizer+mail+sorter&tag=YOURTAG-20,2026-10-16T13:00:00,"adhd home, paper organization, amazon finds"
Every important paper in one place,https://modernpinkpaper.github.io/pins/find-accordion-file-1-72ecd5acb7.png,ADHD Home Organization,,"Tabbed pockets hold bills, school forms and receipts. One folder, zero hunting. Expanding accordion file folder on Amazon. #ad affiliate link",https://www.amazon.com/s?k=expanding+accordion+file+folder+with+labels&tag=YOURTAG-20,2026-10-16T15:07:00,"adhd home, paper organization, amazon finds"
"Inbox, to-do, to-file. That's the system.",https://modernpinkpaper.github.io/pins/find-letter-trays-1-52805d6168.png,ADHD Home Organization,,"Three trays sort paper into three decisions, so piles never get the chance to form. Stackable letter trays on Amazon. #ad affiliate link",https://www.amazon.com/s?k=stackable+letter+trays+desk+organizer&tag=YOURTAG-20,2026-10-16T17:14:00,"adhd home, paper organization, amazon finds"
The junk mail pile ends here,https://modernpinkpaper.github.io/pins/find-paper-shredder-1-e2df6d78b7.png,Amazon Home Finds,,"Shred sensitive junk mail right away instead of saving it for ""later."" Small cross-cut paper shredder on Amazon. #ad affiliate link",https://www.amazon.com/s?k=small+cross+cut+paper+shredder+for+home&tag=YOURTAG-20,2026-10-16T19:21:00,"adhd home, paper organization, amazon finds"
A filing cabinet you'll actually use,https://modernpinkpaper.github.io/pins/find-file-box-1-6c5fd72f92.png,ADHD Home Organization,,"A lidded box with hanging folders is simple enough to keep up with, and it moves with you. File box with hanging folders on Amazon. #ad affiliate link",https://www.amazon.com/s?k=file+box+with+lid+and+hanging+folders&tag=YOURTAG-20,2026-10-16T21:28:00,"adhd home, paper organization, amazon finds"
Clear folders for every paper category,https://modernpinkpaper.github.io/pins/find-snap-folders-1-4d341ccbf2.png,Amazon Home Finds,,"See what's inside without opening it. One folder per project, school or bill type. Clear snap-button document folders on Amazon. #ad affiliate link",https://www.amazon.com/s?k=clear+snap+button+document+folders&tag=YOURTAG-20,2026-10-16T23:35:00,"adhd home, paper organization, amazon finds"
The paper system you can see from the couch,https://modernpinkpaper.github.io/pins/find-wall-clipboards-1-a8b9236dc4.png,ADHD Home Organization,,Clip each kid's forms or each week's bills on the wall. Visible means handled. Wall clipboard set on Amazon. #ad affiliate link,https://www.amazon.com/s?k=wall+clipboards+set+for+organizing+papers&tag=YOURTAG-20,2026-10-17T01:42:00,"adhd home, paper organization, amazon finds"
Never lose a bill in the junk mail again,https://modernpinkpaper.github.io/pins/find-bill-organizer-1-4c67f2263f.png,ADHD Home Organization,,"Bills go in the pocket for the week they're due, so nothing hides until it's late. Bill organizer with pockets on Amazon. #ad affiliate link",https://www.amazon.com/s?k=bill+organizer+with+pockets+monthly&tag=YOURTAG-20,2026-10-17T03:49:00,"adhd home, paper organization, amazon finds"
Put a recycling bin where the mail lands,https://modernpinkpaper.github.io/pins/find-slim-recycling-bin-1-e1633fe232.png,ADHD Home Organization,,Junk mail goes in the bin before it ever becomes a pile. Slim recycling bin on Amazon. #ad affiliate link,https://www.amazon.com/s?k=slim+recycling+bin+for+mail&tag=YOURTAG-20,2026-10-17T13:00:00,"adhd home, paper organization, amazon finds"
"Paper, standing up and sorted",https://modernpinkpaper.github.io/pins/find-desktop-file-sorter-1-a685c7645e.png,Amazon Home Finds,,"Vertical slots keep papers upright and visible, not buried flat in a stack. Desktop file sorter on Amazon. #ad affiliate link",https://www.amazon.com/s?k=desktop+file+sorter+organizer+vertical&tag=YOURTAG-20,2026-10-17T15:07:00,"adhd home, paper organization, amazon finds"
All your appliance manuals in one binder,https://modernpinkpaper.github.io/pins/find-manual-binder-1-d7c6bb6a49.png,ADHD Home Organization,,Slip manuals and warranties into sleeves. One binder instead of one junk drawer. Binder with sheet protectors on Amazon. #ad affiliate link,https://www.amazon.com/s?k=3+ring+binder+with+sheet+protectors&tag=YOURTAG-20,2026-10-17T17:14:00,"adhd home, paper organization, amazon finds"
"School forms stay on the fridge, not lost",https://modernpinkpaper.github.io/pins/find-fridge-file-pocket-1-091992399f.png,ADHD Home Organization,,"A magnetic pocket holds papers that need action this week, right where you'll see them. Magnetic file pocket for fridge on Amazon. #ad affiliate link",https://www.amazon.com/s?k=magnetic+file+pocket+for+refrigerator&tag=YOURTAG-20,2026-10-17T19:21:00,"adhd home, paper organization, amazon finds"
Toys away in 5 minutes (kids can do it),https://modernpinkpaper.github.io/pins/find-toy-storage-organizer-1-1cb5d4e80f.png,ADHD Home Organization,,"Open bins at kid height make cleanup a toss, not a puzzle. Toy storage organizer with bins on Amazon. #ad affiliate link",https://www.amazon.com/s?k=toy+storage+organizer+with+bins+kids&tag=YOURTAG-20,2026-10-17T21:28:00,"adhd home, kids organization, amazon finds"
Kids stop dumping every bin to find one toy,https://modernpinkpaper.github.io/pins/find-clear-toy-bins-1-9017fc6721.png,ADHD Home Organization,,"Clear bins let kids see what's inside, so they grab one bin instead of all of them. Clear stackable bins with lids on Amazon. #ad affiliate link",https://www.amazon.com/s?k=clear+stackable+bins+with+lids+for+toys&tag=YOURTAG-20,2026-10-17T23:35:00,"adhd home, kids organization, amazon finds"
Stop losing your keys every morning,https://modernpinkpaper.github.io/pins/post-launch-pad-by-the-door-1-737ebe3571.png,ADHD Home Organization,,"A 4-part ADHD-friendly launch pad for keys, bags and mail by your front door, plus 7 Amazon finds that make it stick. #ad",https://modernpinkpaper.github.io/launch-pad-by-the-door/,2026-10-18T01:42:00,"launch pad by the door, adhd entryway organization, drop zone ideas, where to keep keys"
7 finds for an ADHD-friendly entryway,https://modernpinkpaper.github.io/pins/post-launch-pad-by-the-door-2-c1ca33aeb9.png,ADHD Home Organization,,"A 4-part ADHD-friendly launch pad for keys, bags and mail by your front door, plus 7 Amazon finds that make it stick. #ad",https://modernpinkpaper.github.io/launch-pad-by-the-door/,2026-10-18T03:49:00,"launch pad by the door, adhd entryway organization, drop zone ideas, where to keep keys"
Where the stuffed animal army lives,https://modernpinkpaper.github.io/pins/find-stuffed-animal-hammock-1-530aeca5bd.png,Small Space Organizing,,"The whole plush collection goes up in the corner, off the floor and still visible. Stuffed animal hammock net on Amazon. #ad affiliate link",https://www.amazon.com/s?k=stuffed+animal+hammock+net+corner&tag=YOURTAG-20,2026-10-18T13:00:00,"adhd home, kids organization, amazon finds"
Cleanup in one pull of a string,https://modernpinkpaper.github.io/pins/find-toy-play-mat-bag-1-4319802581.png,Amazon Home Finds,,"Kids play on the mat, then pull the string and it becomes a bag. Tiny pieces included. Drawstring toy storage play mat on Amazon. #ad affiliate link",https://www.amazon.com/s?k=toy+storage+play+mat+drawstring+bag&tag=YOURTAG-20,2026-10-18T15:07:00,"adhd home, kids organization, amazon finds"
Where backpacks go (not the floor),https://modernpinkpaper.github.io/pins/find-kids-backpack-hooks-1-8a7929f605.png,ADHD Home Organization,,Low hooks at kid height make hanging a backpack easier than dropping it. Kids wall hooks for backpacks on Amazon. #ad affiliate link,https://www.amazon.com/s?k=kids+wall+hooks+for+backpacks&tag=YOURTAG-20,2026-10-18T17:14:00,"adhd home, kids organization, amazon finds"
The chore chart kids actually like,https://modernpinkpaper.github.io/pins/find-magnetic-chore-chart-1-f11453d887.png,ADHD Home Organization,,Flip-the-magnet checkmarks make chores visible and a little bit fun. Magnetic chore chart for kids on Amazon. #ad affiliate link,https://www.amazon.com/s?k=magnetic+chore+chart+for+kids&tag=YOURTAG-20,2026-10-18T19:21:00,"adhd home, kids organization, amazon finds"
"Display the art, skip the paper pile",https://modernpinkpaper.github.io/pins/find-art-display-clips-1-3b0694ac4f.png,ADHD Home Organization,,Rotate new art onto the clips and toss or scan the old stuff. Fridge stays clear. Hanging art display with clips on Amazon. #ad affiliate link,https://www.amazon.com/s?k=kids+art+display+hanging+wire+with+clips&tag=YOURTAG-20,2026-10-18T21:28:00,"adhd home, kids organization, amazon finds"
"Pick outfits Sunday, skip the morning fight",https://modernpinkpaper.github.io/pins/find-weekly-clothes-organizer-1-312ab76ee4.png,ADHD Home Organization,,"Five labeled shelves hold five outfits, so school mornings skip the decisions. Hanging weekly clothes organizer on Amazon. #ad affiliate link",https://www.amazon.com/s?k=kids+weekly+clothes+organizer+hanging&tag=YOURTAG-20,2026-10-18T23:35:00,"adhd home, kids organization, amazon finds"
Clean enough is the goal,https://modernpinkpaper.github.io/pins/post-adhd-cleaning-routine-low-energy-1-fcf1a8ac1c.png,ADHD Cleaning Tips,,"A realistic ADHD cleaning routine built for low-energy days: 3 tiny levels, 15-minute blocks and no guilt. Clean enough is the goal.",https://modernpinkpaper.github.io/adhd-cleaning-routine-low-energy/,2026-10-19T01:42:00,"adhd cleaning routine, low energy cleaning, cleaning routine for adhd, how to clean when overwhelmed"
The 5-minute ADHD cleaning plan,https://modernpinkpaper.github.io/pins/post-adhd-cleaning-routine-low-energy-2-6d93e45117.png,ADHD Cleaning Tips,,"A realistic ADHD cleaning routine built for low-energy days: 3 tiny levels, 15-minute blocks and no guilt. Clean enough is the goal.",https://modernpinkpaper.github.io/adhd-cleaning-routine-low-energy/,2026-10-19T03:49:00,"adhd cleaning routine, low energy cleaning, cleaning routine for adhd, how to clean when overwhelmed"
"Every crayon, one spin away",https://modernpinkpaper.github.io/pins/find-craft-caddy-1-95ecba2a12.png,Amazon Home Finds,,"Markers, crayons and scissors spin into reach and spin back into one spot. Rotating craft supply caddy on Amazon. #ad affiliate link",https://www.amazon.com/s?k=rotating+craft+supply+organizer+caddy&tag=YOURTAG-20,2026-10-19T13:00:00,"adhd home, kids organization, amazon finds"
Bath toys that dry out and stay put,https://modernpinkpaper.github.io/pins/find-bath-toy-organizer-1-dd63224afb.png,Amazon Home Finds,,A draining holder gets toys off the tub edge and helps them dry between baths. Bath toy organizer on Amazon. #ad affiliate link,https://www.amazon.com/s?k=bath+toy+organizer+for+tub&tag=YOURTAG-20,2026-10-19T15:07:00,"adhd home, kids organization, amazon finds"
Puzzle pieces stop going missing,https://modernpinkpaper.github.io/pins/find-puzzle-bags-1-4ef32da358.png,Amazon Home Finds,,"Each puzzle gets its own flat bag, so pieces stay together and stack neatly. Zipper puzzle storage bags on Amazon. #ad affiliate link",https://www.amazon.com/s?k=puzzle+storage+bags+zipper&tag=YOURTAG-20,2026-10-19T17:14:00,"adhd home, kids organization, amazon finds"
The pouch system for tiny toy pieces,https://modernpinkpaper.github.io/pins/find-zipper-pouches-1-47883e3a2b.png,ADHD Home Organization,,"Small sets go in their own clear pouch, so nothing gets mixed and lost. Clear zipper pouches set on Amazon. #ad affiliate link",https://www.amazon.com/s?k=clear+zipper+pouches+set+mesh&tag=YOURTAG-20,2026-10-19T19:21:00,"adhd home, kids organization, amazon finds"
Toss-and-close toy storage,https://modernpinkpaper.github.io/pins/find-collapsible-toy-chest-1-e8504c3064.png,Amazon Home Finds,,"A lid means the room looks done in seconds, and it folds flat when you don't need it. Collapsible toy chest on Amazon. #ad affiliate link",https://www.amazon.com/s?k=collapsible+toy+chest+with+lid&tag=YOURTAG-20,2026-10-19T21:28:00,"adhd home, kids organization, amazon finds"
See time disappear (it's weirdly motivating),https://modernpinkpaper.github.io/pins/find-visual-timer-1-df289580be.png,ADHD Home Organization,,"A shrinking color disk shows how much time is left, so ""a few minutes"" becomes real. Visual countdown timer on Amazon. #ad affiliate link",https://www.amazon.com/s?k=visual+countdown+timer+for+kids+and+adults&tag=YOURTAG-20,2026-10-19T23:35:00,"adhd home, time organization, amazon finds"
Stop rewashing forgotten laundry,https://modernpinkpaper.github.io/pins/post-adhd-laundry-system-1-24ca2f5487.png,ADHD Cleaning Tips,,"A 3-step ADHD-friendly laundry loop that stops the rewash cycle, plus 7 Amazon finds that make laundry less of a mountain. #ad",https://modernpinkpaper.github.io/adhd-laundry-system/,2026-10-20T01:42:00,"adhd laundry system, laundry routine, laundry organization, forgot laundry in washer"
7 laundry finds for ADHD brains,https://modernpinkpaper.github.io/pins/post-adhd-laundry-system-2-f0ed6cedf9.png,ADHD Cleaning Tips,,"A 3-step ADHD-friendly laundry loop that stops the rewash cycle, plus 7 Amazon finds that make laundry less of a mountain. #ad",https://modernpinkpaper.github.io/adhd-laundry-system/,2026-10-20T03:49:00,"adhd laundry system, laundry routine, laundry organization, forgot laundry in washer"
"Five minutes, but make it visible",https://modernpinkpaper.github.io/pins/find-hourglass-timers-1-1da1aaed25.png,ADHD Home Organization,,Flip a timer for tiny tasks. Watching the sand is oddly calming and keeps you going. Hourglass sand timer set on Amazon. #ad affiliate link,https://www.amazon.com/s?k=hourglass+sand+timer+set+assorted+minutes&tag=YOURTAG-20,2026-10-20T13:00:00,"adhd home, time organization, amazon finds"
Stick a timer on every fridge,https://modernpinkpaper.github.io/pins/find-magnetic-kitchen-timer-1-98503fb289.png,Amazon Home Finds,,"A timer that lives on the fridge gets used, and it's loud enough to hear from the couch. Magnetic digital kitchen timer on Amazon. #ad affiliate link",https://www.amazon.com/s?k=magnetic+digital+kitchen+timer+loud&tag=YOURTAG-20,2026-10-20T15:07:00,"adhd home, time organization, amazon finds"
Flip it and go. No buttons.,https://modernpinkpaper.github.io/pins/find-cube-timer-1-91064ac1b5.png,ADHD Home Organization,,"Flip to 5, 15 or 30 minutes to start. Zero setup means zero excuses. Flip cube timer on Amazon. #ad affiliate link",https://www.amazon.com/s?k=flip+cube+timer+preset+minutes&tag=YOURTAG-20,2026-10-20T17:14:00,"adhd home, time organization, amazon finds"
A calendar you walk past 20 times a day,https://modernpinkpaper.github.io/pins/find-fridge-calendar-1-fd48865db5.png,ADHD Home Organization,,"On the fridge, the whole month is right where you look every day. Dry-erase monthly fridge calendar on Amazon. #ad affiliate link",https://www.amazon.com/s?k=dry+erase+monthly+calendar+for+fridge+magnetic&tag=YOURTAG-20,2026-10-20T19:21:00,"adhd home, time organization, amazon finds"
A family calendar pretty enough to keep up,https://modernpinkpaper.github.io/pins/find-acrylic-wall-calendar-1-caf2f4ac05.png,ADHD Home Organization,,"Clear acrylic looks good on the wall, so it goes up and stays up. Acrylic dry-erase wall calendar on Amazon. #ad affiliate link",https://www.amazon.com/s?k=acrylic+dry+erase+wall+calendar&tag=YOURTAG-20,2026-10-20T21:28:00,"adhd home, time organization, amazon finds"
One page. One day. That's it.,https://modernpinkpaper.github.io/pins/find-daily-planner-pad-1-49e78ca114.png,ADHD Home Organization,,"A tear-off page means today's plan stays small, fresh and not buried in a notebook. Tear-off daily planner notepad on Amazon. #ad affiliate link",https://www.amazon.com/s?k=daily+planner+notepad+tear+off&tag=YOURTAG-20,2026-10-20T23:35:00,"adhd home, time organization, amazon finds"
"Your kitchen cabinets, finally usable",https://modernpinkpaper.github.io/pins/post-amazon-kitchen-organization-finds-1-c0600dba9c.png,Amazon Home Finds,,"8 affordable Amazon kitchen organization finds for ADHD brains, plus a simple zone system so you can find things when you need them. #ad",https://modernpinkpaper.github.io/amazon-kitchen-organization-finds/,2026-10-21T01:42:00,"amazon kitchen organization, kitchen organization ideas, adhd kitchen, cabinet organization"
Kitchen finds my ADHD brain loves,https://modernpinkpaper.github.io/pins/post-amazon-kitchen-organization-finds-2-b57ff80e26.png,Amazon Home Finds,,"8 affordable Amazon kitchen organization finds for ADHD brains, plus a simple zone system so you can find things when you need them. #ad",https://modernpinkpaper.github.io/amazon-kitchen-organization-finds/,2026-10-21T03:49:00,"amazon kitchen organization, kitchen organization ideas, adhd kitchen, cabinet organization"
Mornings that start a little gentler,https://modernpinkpaper.github.io/pins/find-sunrise-alarm-1-bac8844616.png,Amazon Home Finds,,A light that slowly brightens makes getting up feel less like a jump scare. Sunrise alarm clock on Amazon. #ad affiliate link,https://www.amazon.com/s?k=sunrise+alarm+clock+wake+up+light&tag=YOURTAG-20,2026-10-21T13:00:00,"adhd home, time organization, amazon finds"
Analog clocks show time passing,https://modernpinkpaper.github.io/pins/find-large-wall-clock-1-565081917c.png,ADHD Home Organization,,"An analog face shows how much time is left, not only a number. Put one in every main room. Large wall clock with big numbers on Amazon. #ad affiliate link",https://www.amazon.com/s?k=large+analog+wall+clock+big+numbers&tag=YOURTAG-20,2026-10-21T15:07:00,"adhd home, time organization, amazon finds"
Let your lamp tell you it's bedtime,https://modernpinkpaper.github.io/pins/find-smart-plug-1-bb778a9dfc.png,Amazon Home Finds,,Schedule lights to turn on or off so the house nudges your routine for you. Smart plug with timer on Amazon. #ad affiliate link,https://www.amazon.com/s?k=smart+plug+with+timer+schedule&tag=YOURTAG-20,2026-10-21T17:14:00,"adhd home, time organization, amazon finds"
The routine checklist on the fridge,https://modernpinkpaper.github.io/pins/find-dry-erase-checklist-1-df5f4bdb3c.png,ADHD Home Organization,,"Write your routine once, check it off daily, wipe it clean. No app to forget. Magnetic dry-erase checklist on Amazon. #ad affiliate link",https://www.amazon.com/s?k=magnetic+dry+erase+checklist+board&tag=YOURTAG-20,2026-10-21T19:21:00,"adhd home, time organization, amazon finds"
A gentle buzz for every reminder,https://modernpinkpaper.github.io/pins/find-vibrating-watch-1-5ac81d5dc7.png,Amazon Home Finds,,Silent buzzing alarms on your wrist keep you on track without a phone. Vibrating timer watch on Amazon. #ad affiliate link,https://www.amazon.com/s?k=vibrating+reminder+watch+multiple+alarms&tag=YOURTAG-20,2026-10-21T21:28:00,"adhd home, time organization, amazon finds"
Dinner decided before 5pm,https://modernpinkpaper.github.io/pins/find-meal-planner-pad-1-13cbdd1752.png,ADHD Home Organization,,"Plan the week on the fridge and tear off the grocery list. One page, two jobs done. Magnetic weekly meal planner pad on Amazon. #ad affiliate link",https://www.amazon.com/s?k=magnetic+weekly+meal+planner+notepad+with+grocery+list&tag=YOURTAG-20,2026-10-21T23:35:00,"adhd home, time organization, amazon finds"
"Didn't Organize, Only Moved",https://modernpinkpaper.github.io/pins/post-how-to-clear-a-doom-pile-1-f77cb7f44a.png,ADHD Home Organization,,"What a doom pile is, why ADHD brains make them, and a 15-minute method to clear one without getting stuck on every single item.",https://modernpinkpaper.github.io/how-to-clear-a-doom-pile/,2026-10-22T01:42:00,"doom pile, doom box, adhd clutter, how to declutter with adhd"
Your doom pile is a map,https://modernpinkpaper.github.io/pins/post-how-to-clear-a-doom-pile-2-cf671925f6.png,ADHD Home Organization,,"What a doom pile is, why ADHD brains make them, and a 15-minute method to clear one without getting stuck on every single item.",https://modernpinkpaper.github.io/how-to-clear-a-doom-pile/,2026-10-22T03:49:00,"doom pile, doom box, adhd clutter, how to declutter with adhd"
Label it and your brain can let it go,https://modernpinkpaper.github.io/pins/find-label-maker-1-3025ed1460.png,ADHD Home Organization,,"Labels do the remembering, so everyone in the house knows where things go. Handheld label maker on Amazon. #ad affiliate link",https://www.amazon.com/s?k=handheld+label+maker+with+tape&tag=YOURTAG-20,2026-10-22T13:00:00,"adhd home, desk organization, amazon finds"
One spot for every phone and cable,https://modernpinkpaper.github.io/pins/find-charging-station-1-4f762206ef.png,Amazon Home Finds,,"Every device charges in one place, so you always know where your phone is. Multi-device charging station on Amazon. #ad affiliate link",https://www.amazon.com/s?k=charging+station+for+multiple+devices&tag=YOURTAG-20,2026-10-22T15:07:00,"adhd home, desk organization, amazon finds"
Hide the cord octopus in a box,https://modernpinkpaper.github.io/pins/find-cable-box-1-5ac6e06164.png,Amazon Home Finds,,The power strip goes in a box and the tangle disappears. Five-minute makeover. Cable management box on Amazon. #ad affiliate link,https://www.amazon.com/s?k=cable+management+box+for+power+strip&tag=YOURTAG-20,2026-10-22T17:14:00,"adhd home, desk organization, amazon finds"
"The junk drawer, but make it functional",https://modernpinkpaper.github.io/pins/find-desk-drawer-organizer-1-3edbc96721.png,ADHD Home Organization,,"Trays give pens, clips and chargers their own spots so you find them in one look. Desk drawer organizer trays on Amazon. #ad affiliate link",https://www.amazon.com/s?k=desk+drawer+organizer+trays+set&tag=YOURTAG-20,2026-10-22T19:21:00,"adhd home, desk organization, amazon finds"
Instant desk space under your screen,https://modernpinkpaper.github.io/pins/find-monitor-stand-1-41f56cd033.png,Small Space Organizing,,The riser frees up space and a drawer tucks away the clutter that was on the desk. Monitor stand with storage drawer on Amazon. #ad affiliate link,https://www.amazon.com/s?k=monitor+stand+riser+with+storage+drawer&tag=YOURTAG-20,2026-10-22T21:28:00,"adhd home, desk organization, amazon finds"
"Everything on the wall, nothing on the desk",https://modernpinkpaper.github.io/pins/find-desk-pegboard-1-e112a88b0d.png,ADHD Home Organization,,"See every tool at once. If you can see it, you'll put it back. Desk pegboard organizer on Amazon. #ad affiliate link",https://www.amazon.com/s?k=desktop+pegboard+organizer+with+accessories&tag=YOURTAG-20,2026-10-22T23:35:00,"adhd home, desk organization, amazon finds"
"Tiny kitchen, big relief",https://modernpinkpaper.github.io/pins/post-organize-small-kitchen-adhd-1-6e199e42d3.png,Small Space Organizing,,"Small kitchen, lots of stuff, ADHD brain? Here's a 5-step system for tiny kitchens plus 7 space-saving Amazon finds that actually fit. #ad",https://modernpinkpaper.github.io/organize-small-kitchen-adhd/,2026-10-23T01:42:00,"small kitchen organization, organize small kitchen, adhd kitchen organization, apartment kitchen storage"
7 small kitchen finds on Amazon,https://modernpinkpaper.github.io/pins/post-organize-small-kitchen-adhd-2-7a4622c607.png,Small Space Organizing,,"Small kitchen, lots of stuff, ADHD brain? Here's a 5-step system for tiny kitchens plus 7 space-saving Amazon finds that actually fit. #ad",https://modernpinkpaper.github.io/organize-small-kitchen-adhd/,2026-10-23T03:49:00,"small kitchen organization, organize small kitchen, adhd kitchen organization, apartment kitchen storage"
"Today's 3 things, right in front of you",https://modernpinkpaper.github.io/pins/find-desktop-whiteboard-1-0a738f54e8.png,ADHD Home Organization,,"A tiny board beside your screen keeps today's priorities in view, not in a lost app. Small desktop whiteboard with stand on Amazon. #ad affiliate link",https://www.amazon.com/s?k=small+desktop+whiteboard+with+stand&tag=YOURTAG-20,2026-10-23T13:00:00,"adhd home, desk organization, amazon finds"
"Spin, grab, done",https://modernpinkpaper.github.io/pins/find-rotating-desk-caddy-1-df0e6a710c.png,Amazon Home Finds,,"All supplies in one spinning caddy, so nothing wanders across the desk. Rotating desk organizer caddy on Amazon. #ad affiliate link",https://www.amazon.com/s?k=rotating+desk+organizer+caddy&tag=YOURTAG-20,2026-10-23T15:07:00,"adhd home, desk organization, amazon finds"
A secret drawer for your tiny desk,https://modernpinkpaper.github.io/pins/find-under-desk-drawer-1-ace0752800.png,Small Space Organizing,,"It sticks under the desk and holds the small stuff, no drilling needed. Under-desk slide-out drawer on Amazon. #ad affiliate link",https://www.amazon.com/s?k=under+desk+drawer+slide+out+adhesive&tag=YOURTAG-20,2026-10-23T17:14:00,"adhd home, desk organization, amazon finds"
Stop fishing chargers off the floor,https://modernpinkpaper.github.io/pins/find-cable-clips-1-4c4f12fc5a.png,Amazon Home Finds,,Clips hold cables at the desk edge so they never slide back behind it. Adhesive cable clips on Amazon. #ad affiliate link,https://www.amazon.com/s?k=adhesive+cable+clips+cord+organizer&tag=YOURTAG-20,2026-10-23T19:21:00,"adhd home, desk organization, amazon finds"
"Headphones, always in the same spot",https://modernpinkpaper.github.io/pins/find-headphone-hook-1-709a5a8681.png,Amazon Home Finds,,Clamp it on the desk and your headphones stop disappearing. Under-desk headphone hook on Amazon. #ad affiliate link,https://www.amazon.com/s?k=under+desk+headphone+hook+holder&tag=YOURTAG-20,2026-10-23T21:28:00,"adhd home, desk organization, amazon finds"
The rolling cart that works in every room,https://modernpinkpaper.github.io/pins/find-rolling-cart-1-b470feb9b6.png,Small Space Organizing,,"Craft cart, snack cart, bathroom cart. It rolls to you, and it's all visible. Three-tier rolling utility cart on Amazon. #ad affiliate link",https://www.amazon.com/s?k=3+tier+rolling+utility+cart+with+wheels&tag=YOURTAG-20,2026-10-23T23:35:00,"adhd home, desk organization, amazon finds"
The 60-second bathroom wipe,https://modernpinkpaper.github.io/pins/post-bathroom-organization-ideas-1-198156fed7.png,Amazon Home Finds,,"Easy bathroom organization ideas for ADHD brains: clear counters, a 2-minute daily wipe and 8 Amazon finds that give everything a home. #ad",https://modernpinkpaper.github.io/bathroom-organization-ideas/,2026-10-24T01:42:00,"bathroom organization ideas, small bathroom storage, adhd bathroom, bathroom counter organization"
8 bathroom finds for messy brains,https://modernpinkpaper.github.io/pins/post-bathroom-organization-ideas-2-2520067e41.png,Amazon Home Finds,,"Easy bathroom organization ideas for ADHD brains: clear counters, a 2-minute daily wipe and 8 Amazon finds that give everything a home. #ad",https://modernpinkpaper.github.io/bathroom-organization-ideas/,2026-10-24T03:49:00,"bathroom organization ideas, small bathroom storage, adhd bathroom, bathroom counter organization"
The car mess stops at the seat back,https://modernpinkpaper.github.io/pins/find-backseat-organizer-1-f7a206c515.png,Amazon Home Finds,,"Pockets hold snacks, wipes and tablets right where kids can reach them. Car backseat organizer on Amazon. #ad affiliate link",https://www.amazon.com/s?k=car+backseat+organizer+with+pockets&tag=YOURTAG-20,2026-10-24T13:00:00,"adhd home, car organization, amazon finds"
No more groceries rolling around,https://modernpinkpaper.github.io/pins/find-trunk-organizer-1-22072709ce.png,Amazon Home Finds,,Sections keep bags upright and it folds flat when you need the space. Collapsible trunk organizer on Amazon. #ad affiliate link,https://www.amazon.com/s?k=collapsible+trunk+organizer+for+car&tag=YOURTAG-20,2026-10-24T15:07:00,"adhd home, car organization, amazon finds"
"A trash can for your car, finally",https://modernpinkpaper.github.io/pins/find-car-trash-can-1-6381fc0b3a.png,Amazon Home Finds,,"Wrappers go in the can, not the door pocket. Empty it when you get gas. Car trash can with lid on Amazon. #ad affiliate link",https://www.amazon.com/s?k=car+trash+can+with+lid+leakproof&tag=YOURTAG-20,2026-10-24T17:14:00,"adhd home, car organization, amazon finds"
Stop losing things in the seat gap,https://modernpinkpaper.github.io/pins/find-seat-gap-filler-1-98d9925e8a.png,Amazon Home Finds,,Fills the gap so phones and fries stop falling into the abyss. Car seat gap filler on Amazon. #ad affiliate link,https://www.amazon.com/s?k=car+seat+gap+filler+organizer&tag=YOURTAG-20,2026-10-24T19:21:00,"adhd home, car organization, amazon finds"
"Your phone, where you can see it",https://modernpinkpaper.github.io/pins/find-car-phone-mount-1-264c1d680d.png,Amazon Home Finds,,A mount keeps navigation in view and the phone off the passenger seat. Car vent phone mount on Amazon. #ad affiliate link,https://www.amazon.com/s?k=car+vent+phone+mount+holder&tag=YOURTAG-20,2026-10-24T21:28:00,"adhd home, car organization, amazon finds"
The console that isn't a junk drawer,https://modernpinkpaper.github.io/pins/find-console-tray-1-caaac54508.png,Amazon Home Finds,,A tray insert splits the console into sections so small things stay findable. Center console organizer tray on Amazon. #ad affiliate link,https://www.amazon.com/s?k=center+console+organizer+tray+insert&tag=YOURTAG-20,2026-10-24T23:35:00,"adhd home, car organization, amazon finds"
"Sunglasses, pen, parking card. Right here.",https://modernpinkpaper.github.io/pins/find-visor-organizer-1-8d55e5d617.png,Amazon Home Finds,,"The visor keeps little things at hand, so you're not digging while driving. Car visor organizer on Amazon. #ad affiliate link",https://www.amazon.com/s?k=car+visor+organizer+with+pockets&tag=YOURTAG-20,2026-10-25T01:42:00,"adhd home, car organization, amazon finds"
Bags off the floor of the car,https://modernpinkpaper.github.io/pins/find-headrest-hooks-1-e8083cd256.png,Amazon Home Finds,,Hang purses and grocery bags on the seat back so nothing spills. Car headrest hooks on Amazon. #ad affiliate link,https://www.amazon.com/s?k=car+headrest+hooks+for+bags&tag=YOURTAG-20,2026-10-25T03:49:00,"adhd home, car organization, amazon finds"
Crumbs out of the car in 5 minutes,https://modernpinkpaper.github.io/pins/find-car-vacuum-1-825ac9b4fb.png,ADHD Cleaning Tips,,"A small cordless vacuum lives in the car, so you clean while you wait at pickup. Portable car vacuum on Amazon. #ad affiliate link",https://www.amazon.com/s?k=portable+car+vacuum+cordless&tag=YOURTAG-20,2026-10-24T14:56:00,"adhd home, car organization, amazon finds"
Find your registration in 3 seconds,https://modernpinkpaper.github.io/pins/find-registration-holder-1-3864d86061.png,ADHD Home Organization,,Registration and insurance live in one slim pouch in the glove box. Car registration and document holder on Amazon. #ad affiliate link,https://www.amazon.com/s?k=car+registration+and+insurance+document+holder&tag=YOURTAG-20,2026-10-24T16:03:00,"adhd home, car organization, amazon finds"
The weekly schedule that fits real life,https://modernpinkpaper.github.io/pins/post-cleaning-schedule-for-working-moms-1-15eb04c9e0.png,Printable Cleaning Checklists,,"A realistic weekly cleaning schedule for working moms: 15 minutes a day, one focus per day, and a family plan that shares the load.",https://modernpinkpaper.github.io/cleaning-schedule-for-working-moms/,2026-10-24T18:10:00,"cleaning schedule for working moms, weekly cleaning schedule, cleaning routine working mom, family chore schedule"
A cleaning plan for busy moms,https://modernpinkpaper.github.io/pins/post-cleaning-schedule-for-working-moms-2-23fbe3f284.png,Printable Cleaning Checklists,,"A realistic weekly cleaning schedule for working moms: 15 minutes a day, one focus per day, and a family plan that shares the load.",https://modernpinkpaper.github.io/cleaning-schedule-for-working-moms/,2026-10-24T20:17:00,"cleaning schedule for working moms, weekly cleaning schedule, cleaning routine working mom, family chore schedule"
"Crumbs in the vents? Squish, gone.",https://modernpinkpaper.github.io/pins/find-cleaning-gel-1-95a9235933.png,ADHD Cleaning Tips,,Press the gel into vents and cup holders and it lifts dust and crumbs out. Car cleaning gel on Amazon. #ad affiliate link,https://www.amazon.com/s?k=car+cleaning+gel+for+vents&tag=YOURTAG-20,2026-10-25T13:00:00,"adhd home, car organization, amazon finds"
"Your big water bottle, finally fits",https://modernpinkpaper.github.io/pins/find-cup-holder-expander-1-0e1b64a619.png,Amazon Home Finds,,"Big bottles stop rolling on the floor, so you actually drink the water you brought. Car cup holder expander on Amazon. #ad affiliate link",https://www.amazon.com/s?k=car+cup+holder+expander+for+large+bottles&tag=YOURTAG-20,2026-10-25T15:07:00,"adhd home, car organization, amazon finds"
"Hang more, fold less",https://modernpinkpaper.github.io/pins/post-closet-organization-for-adhd-1-8b63ca19d3.png,ADHD Home Organization,,"Closet organization for ADHD brains: a visible, low-folding closet system in 5 steps plus 8 Amazon finds that double your space. #ad",https://modernpinkpaper.github.io/closet-organization-for-adhd/,2026-10-25T17:14:00,"closet organization for adhd, closet organization ideas, small closet organization, adhd bedroom"
8 closet finds that double your space,https://modernpinkpaper.github.io/pins/post-closet-organization-for-adhd-2-c21e786695.png,ADHD Home Organization,,"Closet organization for ADHD brains: a visible, low-folding closet system in 5 steps plus 8 Amazon finds that double your space. #ad",https://modernpinkpaper.github.io/closet-organization-for-adhd/,2026-10-25T19:21:00,"closet organization for adhd, closet organization ideas, small closet organization, adhd bedroom"
The command center that doesn't flop,https://modernpinkpaper.github.io/pins/post-command-center-ideas-1-56e2696afc.png,ADHD Home Organization,,"Simple family command center ideas: calendar, papers, keys and to-dos in one spot, plus 7 Amazon finds to build yours in an afternoon. #ad",https://modernpinkpaper.github.io/command-center-ideas/,2026-10-25T21:28:00,"command center ideas, family command center, kitchen command center, home organization system"
7 finds for a family command center,https://modernpinkpaper.github.io/pins/post-command-center-ideas-2-c98fa6366d.png,ADHD Home Organization,,"Simple family command center ideas: calendar, papers, keys and to-dos in one spot, plus 7 Amazon finds to build yours in an afternoon. #ad",https://modernpinkpaper.github.io/command-center-ideas/,2026-10-25T23:35:00,"command center ideas, family command center, kitchen command center, home organization system"
Can't start cleaning? Try this.,https://modernpinkpaper.github.io/pins/post-visual-timer-cleaning-trick-1-8d0546e222.png,ADHD Cleaning Tips,,"Why visual timers work for time blindness, and 6 ways to use one to start cleaning, stop overdoing it and make chores feel smaller.",https://modernpinkpaper.github.io/visual-timer-cleaning-trick/,2026-10-26T01:42:00,"visual timers, adhd timer, time blindness, how to start cleaning"
Visual timers for ADHD cleaning,https://modernpinkpaper.github.io/pins/post-visual-timer-cleaning-trick-2-800689c52d.png,ADHD Cleaning Tips,,"Why visual timers work for time blindness, and 6 ways to use one to start cleaning, stop overdoing it and make chores feel smaller.",https://modernpinkpaper.github.io/visual-timer-cleaning-trick/,2026-10-26T03:49:00,"visual timers, adhd timer, time blindness, how to start cleaning"
Paper piles everywhere? Try this.,https://modernpinkpaper.github.io/pins/post-paper-clutter-system-1-0e96298d20.png,ADHD Home Organization,,"An easy paper clutter system with 3 decisions and zero filing marathons, plus 7 Amazon finds for mail, bills and school forms. #ad",https://modernpinkpaper.github.io/paper-clutter-system/,2026-10-25T14:56:00,"paper clutter system, how to organize paperwork, mail organization, adhd paper clutter"
7 finds that tame paper clutter,https://modernpinkpaper.github.io/pins/post-paper-clutter-system-2-d7ff89bdc7.png,ADHD Home Organization,,"An easy paper clutter system with 3 decisions and zero filing marathons, plus 7 Amazon finds for mail, bills and school forms. #ad",https://modernpinkpaper.github.io/paper-clutter-system/,2026-10-25T16:03:00,"paper clutter system, how to organize paperwork, mail organization, adhd paper clutter"
The 5-minute toy cleanup,https://modernpinkpaper.github.io/pins/post-kids-toy-organization-1-bbea8be364.png,ADHD Home Organization,,"Kids toy organization ideas that work for busy families: simple categories, picture labels, toy rotation and 8 Amazon finds for any room. #ad",https://modernpinkpaper.github.io/kids-toy-organization/,2026-10-25T18:10:00,"kids toy organization, toy storage ideas, playroom organization, toy rotation"
8 toy storage finds for busy families,https://modernpinkpaper.github.io/pins/post-kids-toy-organization-2-dd18481ff6.png,ADHD Home Organization,,"Kids toy organization ideas that work for busy families: simple categories, picture labels, toy rotation and 8 Amazon finds for any room. #ad",https://modernpinkpaper.github.io/kids-toy-organization/,2026-10-25T20:17:00,"kids toy organization, toy storage ideas, playroom organization, toy rotation"
Can't clean alone? That's normal.,https://modernpinkpaper.github.io/pins/post-body-doubling-for-chores-1-ec1903d9c1.png,ADHD Cleaning Tips,,"What body doubling is, why it makes chores easier to start, and 7 ways to try it today, even if you live alone.",https://modernpinkpaper.github.io/body-doubling-for-chores/,2026-10-26T13:00:00,"body doubling, adhd cleaning tips, how to get motivated to clean, clean with me"
The ADHD cleaning hack that's free,https://modernpinkpaper.github.io/pins/post-body-doubling-for-chores-2-3dc324843b.png,ADHD Cleaning Tips,,"What body doubling is, why it makes chores easier to start, and 7 ways to try it today, even if you live alone.",https://modernpinkpaper.github.io/body-doubling-for-chores/,2026-10-26T15:07:00,"body doubling, adhd cleaning tips, how to get motivated to clean, clean with me"
No matching canisters required,https://modernpinkpaper.github.io/pins/post-pantry-organization-on-a-budget-1-0099f582aa.png,Amazon Home Finds,,"Pantry organization on a budget: zones, shelf-by-shelf steps and 7 affordable Amazon finds so you can see what you have and stop rebuying it. #ad",https://modernpinkpaper.github.io/pantry-organization-on-a-budget/,2026-10-26T17:14:00,"pantry organization on a budget, pantry organization ideas, small pantry, cheap pantry organization"
Stop rebuying the same pasta,https://modernpinkpaper.github.io/pins/post-pantry-organization-on-a-budget-2-c172f1ebf2.png,Amazon Home Finds,,"Pantry organization on a budget: zones, shelf-by-shelf steps and 7 affordable Amazon finds so you can see what you have and stop rebuying it. #ad",https://modernpinkpaper.github.io/pantry-organization-on-a-budget/,2026-10-26T19:21:00,"pantry organization on a budget, pantry organization ideas, small pantry, cheap pantry organization"
Your car is not a trash can,https://modernpinkpaper.github.io/pins/post-car-organization-ideas-1-822a6899b3.png,Amazon Home Finds,,"Car organization ideas for busy brains: zones, a 5-minute gas station reset and 8 Amazon finds that keep the car from becoming a trash can. #ad",https://modernpinkpaper.github.io/car-organization-ideas/,2026-10-26T21:28:00,"car organization ideas, car organization, mom car organization, car cleaning hacks"
8 car finds for busy brains,https://modernpinkpaper.github.io/pins/post-car-organization-ideas-2-a18a1f8043.png,Amazon Home Finds,,"Car organization ideas for busy brains: zones, a 5-minute gas station reset and 8 Amazon finds that keep the car from becoming a trash can. #ad",https://modernpinkpaper.github.io/car-organization-ideas/,2026-10-26T23:35:00,"car organization ideas, car organization, mom car organization, car cleaning hacks"
Sunday reset for messy brains,https://modernpinkpaper.github.io/pins/post-weekly-reset-checklist-1-5f4f6c4bb0.png,Printable Cleaning Checklists,,"A 45-minute weekly home reset checklist for ADHD brains, split into 3 short rounds so you can stop anytime and still win.",https://modernpinkpaper.github.io/weekly-reset-checklist/,2026-10-27T01:42:00,"weekly reset checklist, sunday reset, cleaning checklist, adhd weekly cleaning"
Weekly reset checklist for ADHD,https://modernpinkpaper.github.io/pins/post-weekly-reset-checklist-2-e88492ec67.png,Printable Cleaning Checklists,,"A 45-minute weekly home reset checklist for ADHD brains, split into 3 short rounds so you can stop anytime and still win.",https://modernpinkpaper.github.io/weekly-reset-checklist/,2026-10-27T03:49:00,"weekly reset checklist, sunday reset, cleaning checklist, adhd weekly cleaning"
"Small space, busy brain, tidy home",https://modernpinkpaper.github.io/pins/post-apartment-and-dorm-organizing-1-df3b8d30e8.png,Small Space Organizing,,"Small apartment and dorm organizing ideas: renter-friendly, no-drill storage and 8 Amazon finds that make a tiny space feel bigger. #ad",https://modernpinkpaper.github.io/apartment-and-dorm-organizing/,2026-10-26T14:56:00,"dorm organization, apartment organization ideas, small space organizing, renter friendly storage"
8 dorm and apartment finds,https://modernpinkpaper.github.io/pins/post-apartment-and-dorm-organizing-2-61be7a5a73.png,Small Space Organizing,,"Small apartment and dorm organizing ideas: renter-friendly, no-drill storage and 8 Amazon finds that make a tiny space feel bigger. #ad",https://modernpinkpaper.github.io/apartment-and-dorm-organizing/,2026-10-26T16:03:00,"dorm organization, apartment organization ideas, small space organizing, renter friendly storage"
Cleaning is hard. Setup is harder.,https://modernpinkpaper.github.io/pins/post-cleaning-tools-that-make-it-easier-1-482d99d8a7.png,ADHD Cleaning Tips,,"8 Amazon cleaning tools that remove setup and make chores quicker to start, plus where to keep them so you actually use them. #ad",https://modernpinkpaper.github.io/cleaning-tools-that-make-it-easier/,2026-10-26T18:10:00,"amazon cleaning finds, cleaning tools, adhd cleaning hacks, easy cleaning tools"
Amazon cleaning finds for busy brains,https://modernpinkpaper.github.io/pins/post-cleaning-tools-that-make-it-easier-2-eb87d74cca.png,ADHD Cleaning Tips,,"8 Amazon cleaning tools that remove setup and make chores quicker to start, plus where to keep them so you actually use them. #ad",https://modernpinkpaper.github.io/cleaning-tools-that-make-it-easier/,2026-10-26T20:17:00,"amazon cleaning finds, cleaning tools, adhd cleaning hacks, easy cleaning tools"
Don't know where to start?,https://modernpinkpaper.github.io/pins/post-how-to-declutter-when-overwhelmed-1-bb49cd20ab.png,ADHD Home Organization,,"Overwhelmed by clutter? Try the 5-things method: small, specific steps to declutter with ADHD without getting stuck or burning out.",https://modernpinkpaper.github.io/how-to-declutter-when-overwhelmed/,2026-10-27T13:00:00,"how to declutter when overwhelmed, declutter with adhd, where to start decluttering, decluttering tips"
Decluttering with ADHD made smaller,https://modernpinkpaper.github.io/pins/post-how-to-declutter-when-overwhelmed-2-60e7e6fb85.png,ADHD Home Organization,,"Overwhelmed by clutter? Try the 5-things method: small, specific steps to declutter with ADHD without getting stuck or burning out.",https://modernpinkpaper.github.io/how-to-declutter-when-overwhelmed/,2026-10-27T15:07:00,"how to declutter when overwhelmed, declutter with adhd, where to start decluttering, decluttering tips"
"The under-sink black hole, fixed",https://modernpinkpaper.github.io/pins/post-under-sink-organization-ideas-1-8d58a0dadd.png,Small Space Organizing,,Under-sink organization ideas for kitchens and bathrooms: a 4-step plan to tame the pipes and 7 Amazon finds that fit around them. #ad,https://modernpinkpaper.github.io/under-sink-organization-ideas/,2026-10-27T17:14:00,"under sink organization, under sink storage, kitchen sink cabinet, bathroom cabinet organization"
7 finds for under-sink storage,https://modernpinkpaper.github.io/pins/post-under-sink-organization-ideas-2-6fa64213e8.png,Small Space Organizing,,Under-sink organization ideas for kitchens and bathrooms: a 4-step plan to tame the pipes and 7 Amazon finds that fit around them. #ad,https://modernpinkpaper.github.io/under-sink-organization-ideas/,2026-10-27T19:21:00,"under sink organization, under sink storage, kitchen sink cabinet, bathroom cabinet organization"
Stop finding science experiments,https://modernpinkpaper.github.io/pins/post-fridge-organization-ideas-1-41825786f9.png,Amazon Home Finds,,"Easy fridge organization for ADHD brains: zones, an eat-first bin and 7 Amazon finds so you see your food and waste less of it. #ad",https://modernpinkpaper.github.io/fridge-organization-ideas/,2026-10-27T21:28:00,"fridge organization, refrigerator organization ideas, reduce food waste, adhd kitchen"
7 fridge finds that save food,https://modernpinkpaper.github.io/pins/post-fridge-organization-ideas-2-b16eb08a55.png,Amazon Home Finds,,"Easy fridge organization for ADHD brains: zones, an eat-first bin and 7 Amazon finds so you see your food and waste less of it. #ad",https://modernpinkpaper.github.io/fridge-organization-ideas/,2026-10-27T23:35:00,"fridge organization, refrigerator organization ideas, reduce food waste, adhd kitchen"
Wake up to a clean kitchen,https://modernpinkpaper.github.io/pins/post-nightly-kitchen-reset-1-b70a3d8516.png,ADHD Cleaning Tips,,"A 10-minute nightly kitchen reset for ADHD brains: 5 steps in the same order every night, so you wake up to a kitchen that's ready for you.",https://modernpinkpaper.github.io/nightly-kitchen-reset/,2026-10-28T01:42:00,"nightly kitchen reset, kitchen cleaning routine, evening routine, how to keep kitchen clean"
Hate morning dishes? Do this.,https://modernpinkpaper.github.io/pins/post-nightly-kitchen-reset-2-370cbf52fa.png,ADHD Cleaning Tips,,"A 10-minute nightly kitchen reset for ADHD brains: 5 steps in the same order every night, so you wake up to a kitchen that's ready for you.",https://modernpinkpaper.github.io/nightly-kitchen-reset/,2026-10-28T03:49:00,"nightly kitchen reset, kitchen cleaning routine, evening routine, how to keep kitchen clean"
The clothes chair has a solution,https://modernpinkpaper.github.io/pins/post-bedroom-organization-adhd-1-8efb06ba7e.png,ADHD Home Organization,,"ADHD bedroom organization: fix the clothes chair, the nightstand pile and floor clutter with simple habits and 8 Amazon finds. #ad",https://modernpinkpaper.github.io/bedroom-organization-adhd/,2026-10-27T14:56:00,"adhd bedroom organization, bedroom organization ideas, clothes chair, nightstand organization"
8 bedroom finds for a calmer room,https://modernpinkpaper.github.io/pins/post-bedroom-organization-adhd-2-bc06d37cab.png,ADHD Home Organization,,"ADHD bedroom organization: fix the clothes chair, the nightstand pile and floor clutter with simple habits and 8 Amazon finds. #ad",https://modernpinkpaper.github.io/bedroom-organization-adhd/,2026-10-27T16:03:00,"adhd bedroom organization, bedroom organization ideas, clothes chair, nightstand organization"
For brains with 47 open tabs,https://modernpinkpaper.github.io/pins/post-home-office-desk-organization-1-6c304eeedd.png,ADHD Home Organization,,"Desk organization for ADHD brains: a clear-desk system, a daily 3-thing board and 8 Amazon finds for cables, chargers and paper. #ad",https://modernpinkpaper.github.io/home-office-desk-organization/,2026-10-27T18:10:00,"desk organization, home office organization, adhd desk setup, work from home organization"
8 home office finds on Amazon,https://modernpinkpaper.github.io/pins/post-home-office-desk-organization-2-d52b6b42aa.png,ADHD Home Organization,,"Desk organization for ADHD brains: a clear-desk system, a daily 3-thing board and 8 Amazon finds for cables, chargers and paper. #ad",https://modernpinkpaper.github.io/home-office-desk-organization/,2026-10-27T20:17:00,"desk organization, home office organization, adhd desk setup, work from home organization"
